week_start,day_of_week,member_casual,total_rides,avg_ride_length
2023-11-26,Friday,casual,1098,12.39
2023-11-26,Friday,member,3798,11.57
2023-11-26,Saturday,casual,2444,14.96
2023-11-26,Saturday,member,5983,11.43
2023-12-03,Sunday,casual,1405,12.48
2023-12-03,Sunday,member,4100,10.99
2023-12-03,Monday,casual,1618,12.32
2023-12-03,Monday,member,7299,10.38
2023-12-03,Tuesday,casual,1232,10.25
2023-12-03,Tuesday,member,5920,10.27
2023-12-03,Wednesday,casual,1781,11
2023-12-03,Wednesday,member,7733,10.76
2023-12-03,Thursday,casual,2454,15.39
2023-12-03,Thursday,member,9165,11.43
2023-12-03,Friday,casual,3107,16.18
2023-12-03,Friday,member,8889,11.5
2023-12-03,Saturday,casual,2772,18.36
2023-12-03,Saturday,member,6095,11.67
2023-12-10,Sunday,casual,1663,14.57
2023-12-10,Sunday,member,4040,11.56
2023-12-10,Monday,casual,1364,11.02
2023-12-10,Monday,member,6337,10.35
2023-12-10,Tuesday,casual,1453,12.13
2023-12-10,Tuesday,member,7198,10.54
2023-12-10,Wednesday,casual,1595,11.95
2023-12-10,Wednesday,member,7292,10.67
2023-12-10,Thursday,casual,2148,12.57
2023-12-10,Thursday,member,8009,11.17
2023-12-10,Friday,casual,2591,14.27
2023-12-10,Friday,member,7598,11.3
2023-12-10,Saturday,casual,963,12.94
2023-12-10,Saturday,member,2583,11.93
2023-12-17,Sunday,casual,1573,16.99
2023-12-17,Sunday,member,4057,11.33
2023-12-17,Monday,casual,1001,11.48
2023-12-17,Monday,member,4951,9.91
2023-12-17,Tuesday,casual,1157,11.36
2023-12-17,Tuesday,member,5295,10.62
2023-12-17,Wednesday,casual,1592,14.17
2023-12-17,Wednesday,member,6328,11.12
2023-12-17,Thursday,casual,1727,13.33
2023-12-17,Thursday,member,6135,10.81
2023-12-17,Friday,casual,945,14.35
2023-12-17,Friday,member,3040,11.77
2023-12-17,Saturday,casual,1292,16.23
2023-12-17,Saturday,member,3080,12.21
2023-12-24,Sunday,casual,1275,22.14
2023-12-24,Sunday,member,2506,13.27
2023-12-24,Monday,casual,606,25.19
2023-12-24,Monday,member,1032,14.68
2023-12-24,Tuesday,casual,1045,16.91
2023-12-24,Tuesday,member,2881,11.28
2023-12-24,Wednesday,casual,1467,17.53
2023-12-24,Wednesday,member,3978,10.94
2023-12-24,Thursday,casual,702,16.35
2023-12-24,Thursday,member,2792,10.57
2023-12-24,Friday,casual,1039,14.92
2023-12-24,Friday,member,3367,11.13
2023-12-24,Saturday,casual,1297,16.5
2023-12-24,Saturday,member,3219,11.41
2023-12-31,Sunday,casual,834,24.17
2023-12-31,Sunday,member,1849,13.46
2023-12-31,Monday,casual,1043,23.17
2023-12-31,Monday,member,2220,12.3
2023-12-31,Tuesday,casual,1043,12.65
2023-12-31,Tuesday,member,4854,10.04
2023-12-31,Wednesday,casual,1204,12.96
2023-12-31,Wednesday,member,5569,10.95
2023-12-31,Thursday,casual,1369,14.96
2023-12-31,Thursday,member,5963,10.34
2023-12-31,Friday,casual,1399,11.92
2023-12-31,Friday,member,5289,10.3
2023-12-31,Saturday,casual,663,12.66
2023-12-31,Saturday,member,2561,11.74
2024-01-07,Sunday,casual,826,12.91
2024-01-07,Sunday,member,3155,10.94
2024-01-07,Monday,casual,1109,12.54
2024-01-07,Monday,member,6169,10.51
2024-01-07,Tuesday,casual,397,10.57
2024-01-07,Tuesday,member,2555,10.44
2024-01-07,Wednesday,casual,1014,12.5
2024-01-07,Wednesday,member,6128,10.2
2024-01-07,Thursday,casual,1248,10.57
2024-01-07,Thursday,member,6355,10.41
2024-01-07,Friday,casual,357,12.94
2024-01-07,Friday,member,1490,10.69
2024-01-07,Saturday,casual,285,11.7
2024-01-07,Saturday,member,1348,10.97
2024-01-14,Sunday,casual,66,16.77
2024-01-14,Sunday,member,425,10.44
2024-01-14,Monday,casual,51,17.06
2024-01-14,Monday,member,577,13.42
2024-01-14,Tuesday,casual,112,18.46
2024-01-14,Tuesday,member,824,15.75
2024-01-14,Wednesday,casual,309,27.31
2024-01-14,Wednesday,member,2110,21.32
2024-01-14,Thursday,casual,543,14.09
2024-01-14,Thursday,member,3377,11.69
2024-01-14,Friday,casual,316,17.2
2024-01-14,Friday,member,1994,12.23
2024-01-14,Saturday,casual,346,11.64
2024-01-14,Saturday,member,1643,13.99
2024-01-21,Sunday,casual,302,10.7
2024-01-21,Sunday,member,1449,13.87
2024-01-21,Monday,casual,504,12.1
2024-01-21,Monday,member,3425,12.35
2024-01-21,Tuesday,casual,524,11.19
2024-01-21,Tuesday,member,2963,11.93
2024-01-21,Wednesday,casual,565,11.65
2024-01-21,Wednesday,member,3821,10.11
2024-01-21,Thursday,casual,833,11.39
2024-01-21,Thursday,member,4634,10.46
2024-01-21,Friday,casual,755,14.37
2024-01-21,Friday,member,3515,11.05
2024-01-21,Saturday,casual,981,15.57
2024-01-21,Saturday,member,3055,11.83
2024-01-28,Sunday,casual,938,15.18
2024-01-28,Sunday,member,2964,10.89
2024-01-28,Monday,casual,960,13.41
2024-01-28,Monday,member,5371,10.85
2024-01-28,Tuesday,casual,1049,13.38
2024-01-28,Tuesday,member,5906,11.24
2024-01-28,Wednesday,casual,1072,13.43
2024-01-28,Wednesday,member,6165,11.33
2024-01-28,Thursday,casual,1402,13.63
2024-01-28,Thursday,member,6547,11.62
2024-01-28,Friday,casual,1238,18.6
2024-01-28,Friday,member,4851,12.02
2024-01-28,Saturday,casual,1265,19.08
2024-01-28,Saturday,member,3593,14.73
2024-02-04,Sunday,casual,1168,21.56
2024-02-04,Sunday,member,3362,14.09
2024-02-04,Monday,casual,821,12.9
2024-02-04,Monday,member,4931,10.91
2024-02-04,Tuesday,casual,1056,11.76
2024-02-04,Tuesday,member,6100,11.16
2024-02-04,Wednesday,casual,1186,12.53
2024-02-04,Wednesday,member,6421,11.47
2024-02-04,Thursday,casual,1595,16.07
2024-02-04,Thursday,member,6617,11.92
2024-02-04,Friday,casual,2317,18.17
2024-02-04,Friday,member,6473,12.1
2024-02-04,Saturday,casual,1759,19.94
2024-02-04,Saturday,member,3937,12.4
2024-02-11,Sunday,casual,1432,14.45
2024-02-11,Sunday,member,3647,11.57
2024-02-11,Monday,casual,1044,19.76
2024-02-11,Monday,member,5371,12.03
2024-02-11,Tuesday,casual,1146,12.97
2024-02-11,Tuesday,member,6104,11.23
2024-02-11,Wednesday,casual,1436,14.04
2024-02-11,Wednesday,member,6530,11.26
2024-02-11,Thursday,casual,1158,12.36
2024-02-11,Thursday,member,5848,10.84
2024-02-11,Friday,casual,959,12.29
2024-02-11,Friday,member,4431,10.52
2024-02-11,Saturday,casual,726,16.5
2024-02-11,Saturday,member,2506,10.98
2024-02-18,Sunday,casual,1308,21.58
2024-02-18,Sunday,member,3344,12.8
2024-02-18,Monday,casual,1324,18.45
2024-02-18,Monday,member,5036,11.26
2024-02-18,Tuesday,casual,1751,18.58
2024-02-18,Tuesday,member,7494,11.83
2024-02-18,Wednesday,casual,2412,17.2
2024-02-18,Wednesday,member,8751,12.39
2024-02-18,Thursday,casual,1963,15.74
2024-02-18,Thursday,member,7437,11.96
2024-02-18,Friday,casual,1387,16.09
2024-02-18,Friday,member,5173,10.98
2024-02-18,Saturday,casual,862,16.58
2024-02-18,Saturday,member,2924,11.53
2024-02-25,Sunday,casual,2572,23.57
2024-02-25,Sunday,member,5168,13.98
2024-02-25,Monday,casual,2717,22.35
2024-02-25,Monday,member,8310,12.6
2024-02-25,Tuesday,casual,3035,22.45
2024-02-25,Tuesday,member,9168,12.98
2024-02-25,Wednesday,casual,940,13.62
2024-02-25,Wednesday,member,5013,10.22
2024-02-25,Thursday,casual,1352,13.32
2024-02-25,Thursday,member,6397,10.88
2024-02-25,Friday,casual,1590,16.43
2024-02-25,Friday,member,6024,10.85
2024-02-25,Saturday,casual,4239,23.04
2024-02-25,Saturday,member,6831,13.91
2024-03-03,Sunday,casual,5803,28.24
2024-03-03,Sunday,member,7394,14.87
2024-03-03,Monday,casual,2996,18.69
2024-03-03,Monday,member,8795,12.53
2024-03-03,Tuesday,casual,1290,13.48
2024-03-03,Tuesday,member,6162,10.9
2024-03-03,Wednesday,casual,1714,13.58
2024-03-03,Wednesday,member,7325,11.11
2024-03-03,Thursday,casual,1868,13.56
2024-03-03,Thursday,member,7545,10.97
2024-03-03,Friday,casual,610,13.26
2024-03-03,Friday,member,2602,10.07
2024-03-03,Saturday,casual,2644,19.87
2024-03-03,Saturday,member,5285,11.95
2024-03-10,Sunday,casual,2094,20.42
2024-03-10,Sunday,member,4355,11.8
2024-03-10,Monday,casual,3257,20.53
2024-03-10,Monday,member,8577,12.55
2024-03-10,Tuesday,casual,4018,20.4
2024-03-10,Tuesday,member,10636,12.79
2024-03-10,Wednesday,casual,3154,16.83
2024-03-10,Wednesday,member,9291,11.75
2024-03-10,Thursday,casual,1663,17.95
2024-03-10,Thursday,member,5300,11.05
2024-03-10,Friday,casual,2906,17.9
2024-03-10,Friday,member,6948,11.31
2024-03-10,Saturday,casual,5728,21.8
2024-03-10,Saturday,member,6856,13.21
2024-03-17,Sunday,casual,1775,17.59
2024-03-17,Sunday,member,3856,11.58
2024-03-17,Monday,casual,1305,14.69
2024-03-17,Monday,member,5727,9.9
2024-03-17,Tuesday,casual,2219,15.37
2024-03-17,Tuesday,member,8355,11.4
2024-03-17,Wednesday,casual,1592,12.48
2024-03-17,Wednesday,member,7154,10.45
2024-03-17,Thursday,casual,1679,11.82
2024-03-17,Thursday,member,6928,10.5
2024-03-17,Friday,casual,865,14.34
2024-03-17,Friday,member,3714,10.55
2024-03-17,Saturday,casual,1999,18.52
2024-03-17,Saturday,member,4603,11.94
2024-03-24,Sunday,casual,1911,18.23
2024-03-24,Sunday,member,4410,11.58
2024-03-24,Monday,casual,1958,17.35
2024-03-24,Monday,member,7062,10.97
2024-03-24,Tuesday,casual,1615,14.85
2024-03-24,Tuesday,member,6776,10.47
2024-03-24,Wednesday,casual,1827,15.02
2024-03-24,Wednesday,member,7075,10.39
2024-03-24,Thursday,casual,2751,17.17
2024-03-24,Thursday,member,8090,11.45
2024-03-24,Friday,casual,2893,19.96
2024-03-24,Friday,member,6626,10.98
2024-03-24,Saturday,casual,3459,22.08
2024-03-24,Saturday,member,5971,13.52
2024-03-31,Sunday,casual,1829,21.27
2024-03-31,Sunday,member,3607,11.8
2024-03-31,Monday,casual,1040,12.55
2024-03-31,Monday,member,4718,10.05
2024-03-31,Tuesday,casual,1146,11.75
2024-03-31,Tuesday,member,5737,10.06
2024-03-31,Wednesday,casual,625,14.38
2024-03-31,Wednesday,member,3694,9.83
2024-03-31,Thursday,casual,1317,11.05
2024-03-31,Thursday,member,6430,10.82
2024-03-31,Friday,casual,2530,16.56
2024-03-31,Friday,member,7092,11.11
2024-03-31,Saturday,casual,4674,22.05
2024-03-31,Saturday,member,7014,12.8
2024-04-07,Sunday,casual,1234,18.98
2024-04-07,Sunday,member,2910,10.86
2024-04-07,Monday,casual,4722,22.89
2024-04-07,Monday,member,10545,12.79
2024-04-07,Tuesday,casual,4024,21.1
2024-04-07,Tuesday,member,11264,12.58
2024-04-07,Wednesday,casual,3914,18.67
2024-04-07,Wednesday,member,10921,12.11
2024-04-07,Thursday,casual,2292,14.78
2024-04-07,Thursday,member,7809,11.63
2024-04-07,Friday,casual,3529,18.3
2024-04-07,Friday,member,8159,11.52
2024-04-07,Saturday,casual,9260,27.19
2024-04-07,Saturday,member,10016,14.64
2024-04-14,Sunday,casual,11238,29.08
2024-04-14,Sunday,member,10735,16.09
2024-04-14,Monday,casual,4734,20.75
2024-04-14,Monday,member,11274,12.7
2024-04-14,Tuesday,casual,3128,16.54
2024-04-14,Tuesday,member,9786,11.78
2024-04-14,Wednesday,casual,3323,16.67
2024-04-14,Wednesday,member,10335,11.65
2024-04-14,Thursday,casual,2808,16.45
2024-04-14,Thursday,member,9325,11.29
2024-04-14,Friday,casual,4418,18.28
2024-04-14,Friday,member,9472,11.38
2024-04-14,Saturday,casual,3938,19.23
2024-04-14,Saturday,member,6720,12.14
2024-04-21,Sunday,casual,4974,25.61
2024-04-21,Sunday,member,7077,13.39
2024-04-21,Monday,casual,3797,21.13
2024-04-21,Monday,member,10180,11.99
2024-04-21,Tuesday,casual,3550,14.65
2024-04-21,Tuesday,member,10908,11.65
2024-04-21,Wednesday,casual,2464,15.35
2024-04-21,Wednesday,member,8838,10.66
2024-04-21,Thursday,casual,3693,15.83
2024-04-21,Thursday,member,10511,11.52
2024-04-21,Friday,casual,2382,17.27
2024-04-21,Friday,member,6548,10.69
2024-04-21,Saturday,casual,9823,26.05
2024-04-21,Saturday,member,10742,15.09
2024-04-28,Sunday,casual,5196,24.51
2024-04-28,Sunday,member,7541,13.38
2024-04-28,Monday,casual,3835,19.52
2024-04-28,Monday,member,9066,11.65
2024-04-28,Tuesday,casual,5851,21.83
2024-04-28,Tuesday,member,13098,13.68
2024-04-28,Wednesday,casual,5821,22.6
2024-04-28,Wednesday,member,13411,13.65
2024-04-28,Thursday,casual,3869,17.96
2024-04-28,Thursday,member,10647,12.3
2024-04-28,Friday,casual,5747,22.98
2024-04-28,Friday,member,10549,12.65
2024-04-28,Saturday,casual,9913,26.1
2024-04-28,Saturday,member,10792,14.79
2024-05-05,Sunday,casual,6696,25.02
2024-05-05,Sunday,member,8290,13.49
2024-05-05,Monday,casual,5198,22.41
2024-05-05,Monday,member,11473,12.42
2024-05-05,Tuesday,casual,3737,16.11
2024-05-05,Tuesday,member,10055,12.07
2024-05-05,Wednesday,casual,6475,20.11
2024-05-05,Wednesday,member,13695,13.41
2024-05-05,Thursday,casual,2140,14.5
2024-05-05,Thursday,member,5968,11.43
2024-05-05,Friday,casual,6341,21.01
2024-05-05,Friday,member,11208,12.92
2024-05-05,Saturday,casual,8437,26.52
2024-05-05,Saturday,member,10205,14.61
2024-05-12,Sunday,casual,9188,29.25
2024-05-12,Sunday,member,9939,15.94
2024-05-12,Monday,casual,3821,20.12
2024-05-12,Monday,member,9466,11.87
2024-05-12,Tuesday,casual,3199,15
2024-05-12,Tuesday,member,10127,11.47
2024-05-12,Wednesday,casual,5153,18.31
2024-05-12,Wednesday,member,12670,12.6
2024-05-12,Thursday,casual,6060,19.64
2024-05-12,Thursday,member,12943,12.78
2024-05-12,Friday,casual,8311,23.67
2024-05-12,Friday,member,12984,13.34
2024-05-12,Saturday,casual,13600,26.86
2024-05-12,Saturday,member,13084,15.93
2024-05-19,Sunday,casual,10786,26.88
2024-05-19,Sunday,member,11350,15.37
2024-05-19,Monday,casual,5568,22.99
2024-05-19,Monday,member,10997,12.82
2024-05-19,Tuesday,casual,7154,20.79
2024-05-19,Tuesday,member,13901,13.46
2024-05-19,Wednesday,casual,7428,20.54
2024-05-19,Wednesday,member,14675,13.44
2024-05-19,Thursday,casual,7988,21.94
2024-05-19,Thursday,member,14457,13.23
2024-05-19,Friday,casual,6186,21.27
2024-05-19,Friday,member,10569,12.71
2024-05-19,Saturday,casual,13082,28.73
2024-05-19,Saturday,member,11751,15.82
2024-05-26,Sunday,casual,4369,22.58
2024-05-26,Sunday,member,4981,13.88
2024-05-26,Monday,casual,7344,28.46
2024-05-26,Monday,member,7762,14.66
2024-05-26,Tuesday,casual,4040,18.2
2024-05-26,Tuesday,member,10018,12.07
2024-05-26,Wednesday,casual,5891,19.97
2024-05-26,Wednesday,member,13423,12.83
2024-05-26,Thursday,casual,6338,20.67
2024-05-26,Thursday,member,13307,12.84
2024-05-26,Friday,casual,9420,23.55
2024-05-26,Friday,member,13614,14.04
2024-05-26,Saturday,casual,2815,19.66
2024-05-26,Saturday,member,4304,12.68
2024-06-02,Sunday,casual,10986,25.99
2024-06-02,Sunday,member,11224,15.64
2024-06-02,Monday,casual,7078,22.75
2024-06-02,Monday,member,12721,13.81
2024-06-02,Tuesday,casual,6585,19.18
2024-06-02,Tuesday,member,13472,13.24
2024-06-02,Wednesday,casual,8025,21.32
2024-06-02,Wednesday,member,14455,14.18
2024-06-02,Thursday,casual,7616,20.52
2024-06-02,Thursday,member,14369,13.49
2024-06-02,Friday,casual,9459,21.84
2024-06-02,Friday,member,13266,13.67
2024-06-02,Saturday,casual,8821,22.65
2024-06-02,Saturday,member,9812,14.12
2024-06-09,Sunday,casual,12960,26.65
2024-06-09,Sunday,member,11936,15.92
2024-06-09,Monday,casual,5593,20.68
2024-06-09,Monday,member,11481,12.56
2024-06-09,Tuesday,casual,6806,19.89
2024-06-09,Tuesday,member,13770,13.08
2024-06-09,Wednesday,casual,8345,20.82
2024-06-09,Wednesday,member,14551,13.8
2024-06-09,Thursday,casual,8287,20.72
2024-06-09,Thursday,member,13498,13.22
2024-06-09,Friday,casual,10125,22.26
2024-06-09,Friday,member,13667,13.78
2024-06-09,Saturday,casual,14582,26.08
2024-06-09,Saturday,member,12974,15.25
2024-06-16,Sunday,casual,10502,25.31
2024-06-16,Sunday,member,10115,15.63
2024-06-16,Monday,casual,7185,21.34
2024-06-16,Monday,member,12261,12.83
2024-06-16,Tuesday,casual,8110,20.21
2024-06-16,Tuesday,member,14162,13.19
2024-06-16,Wednesday,casual,10960,22.4
2024-06-16,Wednesday,member,14273,14.34
2024-06-16,Thursday,casual,7267,18.77
2024-06-16,Thursday,member,13189,12.76
2024-06-16,Friday,casual,11147,23.13
2024-06-16,Friday,member,13962,13.82
2024-06-16,Saturday,casual,14207,23.89
2024-06-16,Saturday,member,12189,14.87
2024-06-23,Sunday,casual,11266,26.43
2024-06-23,Sunday,member,10736,15.26
2024-06-23,Monday,casual,7719,22.85
2024-06-23,Monday,member,12590,12.94
2024-06-23,Tuesday,casual,6007,20.93
2024-06-23,Tuesday,member,10993,13.26
2024-06-23,Wednesday,casual,8402,22.03
2024-06-23,Wednesday,member,14528,13.95
2024-06-23,Thursday,casual,8774,21.79
2024-06-23,Thursday,member,14805,13.5
2024-06-23,Friday,casual,4903,18.72
2024-06-23,Friday,member,8863,12.46
2024-06-23,Saturday,casual,13311,27.09
2024-06-23,Saturday,member,12405,15.36
2024-06-30,Sunday,casual,11788,25.98
2024-06-30,Sunday,member,10810,15.54
2024-06-30,Monday,casual,7311,24.23
2024-06-30,Monday,member,12172,13.27
2024-06-30,Tuesday,casual,7553,21.43
2024-06-30,Tuesday,member,13472,13.41
2024-06-30,Wednesday,casual,9312,23.01
2024-06-30,Wednesday,member,13371,13.62
2024-06-30,Thursday,casual,11738,26.67
2024-06-30,Thursday,member,9179,16.13
2024-06-30,Friday,casual,12392,26.7
2024-06-30,Friday,member,10928,14.55
2024-06-30,Saturday,casual,15115,27.3
2024-06-30,Saturday,member,11601,16.38
2024-07-07,Sunday,casual,7498,24.5
2024-07-07,Sunday,member,7814,14.4
2024-07-07,Monday,casual,6560,21.74
2024-07-07,Monday,member,12009,13.02
2024-07-07,Tuesday,casual,3896,17.08
2024-07-07,Tuesday,member,9503,12.07
2024-07-07,Wednesday,casual,6797,20.55
2024-07-07,Wednesday,member,12931,13.43
2024-07-07,Thursday,casual,7750,20.3
2024-07-07,Thursday,member,14166,13.43
2024-07-07,Friday,casual,9966,22.14
2024-07-07,Friday,member,13626,13.78
2024-07-07,Saturday,casual,14310,24.64
2024-07-07,Saturday,member,12911,15.37
2024-07-14,Sunday,casual,8589,23.52
2024-07-14,Sunday,member,8830,14.41
2024-07-14,Monday,casual,6572,19.88
2024-07-14,Monday,member,12014,12.38
2024-07-14,Tuesday,casual,7289,19.68
2024-07-14,Tuesday,member,14041,13.05
2024-07-14,Wednesday,casual,8337,20.29
2024-07-14,Wednesday,member,15345,13.42
2024-07-14,Thursday,casual,8503,21.21
2024-07-14,Thursday,member,14403,13.4
2024-07-14,Friday,casual,11006,23.27
2024-07-14,Friday,member,13858,13.64
2024-07-14,Saturday,casual,15476,26.19
2024-07-14,Saturday,member,12970,14.97
2024-07-21,Sunday,casual,12333,25.94
2024-07-21,Sunday,member,11455,15.3
2024-07-21,Monday,casual,7986,22.18
2024-07-21,Monday,member,12941,13.13
2024-07-21,Tuesday,casual,6878,21.09
2024-07-21,Tuesday,member,13227,13
2024-07-21,Wednesday,casual,7643,19.98
2024-07-21,Wednesday,member,14631,12.98
2024-07-21,Thursday,casual,8838,21.74
2024-07-21,Thursday,member,14911,13.31
2024-07-21,Friday,casual,10731,24.42
2024-07-21,Friday,member,13869,14.1
2024-07-21,Saturday,casual,15299,25.97
2024-07-21,Saturday,member,12944,15.8
2024-07-28,Sunday,casual,8488,24.15
2024-07-28,Sunday,member,9205,14.51
2024-07-28,Monday,casual,5544,21.05
2024-07-28,Monday,member,10773,12.71
2024-07-28,Tuesday,casual,7884,21.16
2024-07-28,Tuesday,member,14644,13.49
2024-07-28,Wednesday,casual,10070,24.78
2024-07-28,Wednesday,member,15098,13.58
2024-07-28,Thursday,casual,8481,19.51
2024-07-28,Thursday,member,13366,12.88
2024-07-28,Friday,casual,10680,21.48
2024-07-28,Friday,member,13524,13.44
2024-07-28,Saturday,casual,15388,24.53
2024-07-28,Saturday,member,12986,15.43
2024-08-04,Sunday,casual,12369,25.74
2024-08-04,Sunday,member,11088,14.91
2024-08-04,Monday,casual,6815,20.49
2024-08-04,Monday,member,11158,13.35
2024-08-04,Tuesday,casual,5786,18.03
2024-08-04,Tuesday,member,12585,12.79
2024-08-04,Wednesday,casual,8478,21.42
2024-08-04,Wednesday,member,14911,13.5
2024-08-04,Thursday,casual,8122,21.33
2024-08-04,Thursday,member,14412,13.22
2024-08-04,Friday,casual,10425,23.02
2024-08-04,Friday,member,13383,13.22
2024-08-04,Saturday,casual,15512,25.38
2024-08-04,Saturday,member,13322,15.45
2024-08-11,Sunday,casual,13627,25.51
2024-08-11,Sunday,member,11704,15.99
2024-08-11,Monday,casual,6901,21.55
2024-08-11,Monday,member,12668,13.08
2024-08-11,Tuesday,casual,7916,20.09
2024-08-11,Tuesday,member,14499,13.31
2024-08-11,Wednesday,casual,8037,20.41
2024-08-11,Wednesday,member,15028,13.11
2024-08-11,Thursday,casual,4438,14.54
2024-08-11,Thursday,member,9637,12.12
2024-08-11,Friday,casual,8281,21.64
2024-08-11,Friday,member,12192,13.15
2024-08-11,Saturday,casual,8890,22.97
2024-08-11,Saturday,member,9585,14.49
2024-08-18,Sunday,casual,9611,23.68
2024-08-18,Sunday,member,10488,14.57
2024-08-18,Monday,casual,6941,20.75
2024-08-18,Monday,member,12208,13.22
2024-08-18,Tuesday,casual,7310,19.53
2024-08-18,Tuesday,member,13359,12.75
2024-08-18,Wednesday,casual,7898,18.77
2024-08-18,Wednesday,member,13839,13.05
2024-08-18,Thursday,casual,7855,19.41
2024-08-18,Thursday,member,13596,13.09
2024-08-18,Friday,casual,9663,21.23
2024-08-18,Friday,member,13381,13.18
2024-08-18,Saturday,casual,13687,24.36
2024-08-18,Saturday,member,13266,14.8
2024-08-25,Sunday,casual,10817,23.02
2024-08-25,Sunday,member,11451,14.54
2024-08-25,Monday,casual,6341,19.53
2024-08-25,Monday,member,12644,12.28
2024-08-25,Tuesday,casual,5544,16.99
2024-08-25,Tuesday,member,12157,12.04
2024-08-25,Wednesday,casual,6999,18.31
2024-08-25,Wednesday,member,14694,12.88
2024-08-25,Thursday,casual,8329,19.84
2024-08-25,Thursday,member,14806,12.93
2024-08-25,Friday,casual,8942,21.77
2024-08-25,Friday,member,12090,13.08
2024-08-25,Saturday,casual,15129,26.16
2024-08-25,Saturday,member,11724,15.58
2024-09-01,Sunday,casual,16818,26.78
2024-09-01,Sunday,member,11421,15.16
2024-09-01,Monday,casual,14128,25.38
2024-09-01,Monday,member,10941,15.3
2024-09-01,Tuesday,casual,9083,17.32
2024-09-01,Tuesday,member,15619,12.42
2024-09-01,Wednesday,casual,9017,16.03
2024-09-01,Wednesday,member,17084,12.33
2024-09-01,Thursday,casual,8790,15.89
2024-09-01,Thursday,member,15625,12.16
2024-09-01,Friday,casual,9522,16.3
2024-09-01,Friday,member,13737,12.23
2024-09-01,Saturday,casual,12531,21
2024-09-01,Saturday,member,12338,13.14
2024-09-08,Sunday,casual,11869,21.29
2024-09-08,Sunday,member,11346,13.83
2024-09-08,Monday,casual,8022,17.39
2024-09-08,Monday,member,14880,12.24
2024-09-08,Tuesday,casual,9198,16.87
2024-09-08,Tuesday,member,17142,12.34
2024-09-08,Wednesday,casual,10046,17.28
2024-09-08,Wednesday,member,17508,12.36
2024-09-08,Thursday,casual,10356,16.2
2024-09-08,Thursday,member,17232,12.28
2024-09-08,Friday,casual,11129,17.5
2024-09-08,Friday,member,15383,12.35
2024-09-08,Saturday,casual,15753,22.38
2024-09-08,Saturday,member,14095,14.05
2024-09-15,Sunday,casual,13718,22.98
2024-09-15,Sunday,member,12470,14.1
2024-09-15,Monday,casual,8799,17.94
2024-09-15,Monday,member,14981,12.22
2024-09-15,Tuesday,casual,9662,17.24
2024-09-15,Tuesday,member,17134,12.34
2024-09-15,Wednesday,casual,9614,16.26
2024-09-15,Wednesday,member,17377,12.4
2024-09-15,Thursday,casual,10426,17.94
2024-09-15,Thursday,member,17331,12.25
2024-09-15,Friday,casual,12075,19.08
2024-09-15,Friday,member,15345,12.68
2024-09-15,Saturday,casual,16318,21.42
2024-09-15,Saturday,member,14488,14.13
2024-09-22,Sunday,casual,4114,16.67
2024-09-22,Sunday,member,5094,12.4
2024-09-22,Monday,casual,6820,15.96
2024-09-22,Monday,member,13847,11.69
2024-09-22,Tuesday,casual,3710,11.84
2024-09-22,Tuesday,member,9631,11.04
2024-09-22,Wednesday,casual,9310,16.26
2024-09-22,Wednesday,member,16928,12.27
2024-09-22,Thursday,casual,10035,16.43
2024-09-22,Thursday,member,17173,12.24
2024-09-22,Friday,casual,9425,16.69
2024-09-22,Friday,member,13831,11.68
2024-09-22,Saturday,casual,9809,18.9
2024-09-22,Saturday,member,10565,12.82
2024-09-29,Sunday,casual,10238,22.18
2024-09-29,Sunday,member,10545,13.99
2024-09-29,Monday,casual,8065,17.1
2024-09-29,Monday,member,14710,11.69
2024-09-29,Tuesday,casual,5932,16.26
2024-09-29,Tuesday,member,14122,11.86
2024-09-29,Wednesday,casual,5873,15.94
2024-09-29,Wednesday,member,14417,12.2
2024-09-29,Thursday,casual,6326,17.08
2024-09-29,Thursday,member,14141,12.24
2024-09-29,Friday,casual,6673,17.56
2024-09-29,Friday,member,12166,11.83
2024-09-29,Saturday,casual,10993,23.01
2024-09-29,Saturday,member,12064,13.93
2024-10-06,Sunday,casual,9365,22.87
2024-10-06,Sunday,member,10376,13.95
2024-10-06,Monday,casual,5319,17.26
2024-10-06,Monday,member,12106,11.76
2024-10-06,Tuesday,casual,5427,17.57
2024-10-06,Tuesday,member,13855,12.2
2024-10-06,Wednesday,casual,5621,16.82
2024-10-06,Wednesday,member,13696,11.74
2024-10-06,Thursday,casual,6952,17.46
2024-10-06,Thursday,member,14177,12.4
2024-10-06,Friday,casual,10012,22.55
2024-10-06,Friday,member,13415,12.75
2024-10-06,Saturday,casual,11287,22.8
2024-10-06,Saturday,member,10421,13.33
2024-10-13,Sunday,casual,12801,25.17
2024-10-13,Sunday,member,9677,13.87
2024-10-13,Monday,casual,4729,19.93
2024-10-13,Monday,member,9186,10.77
2024-10-13,Tuesday,casual,1657,11.6
2024-10-13,Tuesday,member,5843,10.43
2024-10-13,Wednesday,casual,4083,15.83
2024-10-13,Wednesday,member,11218,11.26
2024-10-13,Thursday,casual,4871,18.09
2024-10-13,Thursday,member,12105,11.56
2024-10-13,Friday,casual,6218,18.62
2024-10-13,Friday,member,11260,12.35
2024-10-13,Saturday,casual,9304,23.51
2024-10-13,Saturday,member,10699,13.81
2024-10-20,Sunday,casual,7503,23.02
2024-10-20,Sunday,member,9313,14.1
2024-10-20,Monday,casual,5303,20.51
2024-10-20,Monday,member,11884,12.48
2024-10-20,Tuesday,casual,4476,17.09
2024-10-20,Tuesday,member,12692,11.98
2024-10-20,Wednesday,casual,4541,15.36
2024-10-20,Wednesday,member,12735,12.18
2024-10-20,Thursday,casual,5191,15.52
2024-10-20,Thursday,member,12420,11.78
2024-10-20,Friday,casual,5439,18.06
2024-10-20,Friday,member,10601,12.2
2024-10-20,Saturday,casual,6351,21.48
2024-10-20,Saturday,member,8747,12.52
2024-10-27,Sunday,casual,5103,20.46
2024-10-27,Sunday,member,7563,12.75
2024-10-27,Monday,casual,3732,15.19
2024-10-27,Monday,member,10481,11.43
2024-10-27,Tuesday,casual,4906,17.26
2024-10-27,Tuesday,member,13666,12.41
2024-10-27,Wednesday,casual,5020,15.83
2024-10-27,Wednesday,member,13692,12.35
2024-10-27,Thursday,casual,3289,12.86
2024-10-27,Thursday,member,9733,10.97
2024-10-27,Friday,casual,3958,15.02
2024-10-27,Friday,member,9489,11.09
2024-10-27,Saturday,casual,5558,22.77
2024-10-27,Saturday,member,8069,13.4
2024-11-03,Sunday,casual,3650,17.39
2024-11-03,Sunday,member,6204,11.55
2024-11-03,Monday,casual,2917,13.8
2024-11-03,Monday,member,9040,11.17
2024-11-03,Tuesday,casual,2164,12.02
2024-11-03,Tuesday,member,7170,10.11
2024-11-03,Wednesday,casual,3252,12.45
2024-11-03,Wednesday,member,10688,11.5
2024-11-03,Thursday,casual,3656,13.55
2024-11-03,Thursday,member,11275,11.36
2024-11-03,Friday,casual,4325,17.96
2024-11-03,Friday,member,10018,11.66
2024-11-03,Saturday,casual,3743,17.44
2024-11-03,Saturday,member,6448,12.04
2024-11-10,Sunday,casual,4456,19.89
2024-11-10,Sunday,member,6831,12.53
2024-11-10,Monday,casual,3078,14.7
2024-11-10,Monday,member,9470,10.75
2024-11-10,Tuesday,casual,2660,12.1
2024-11-10,Tuesday,member,9854,11.18
2024-11-10,Wednesday,casual,2170,12.39
2024-11-10,Wednesday,member,8283,11.04
2024-11-10,Thursday,casual,2594,12.11
2024-11-10,Thursday,member,9167,11.93
2024-11-10,Friday,casual,3584,15.3
2024-11-10,Friday,member,8936,11.28
2024-11-10,Saturday,casual,4333,18.19
2024-11-10,Saturday,member,7311,12.17
2024-11-17,Sunday,casual,4519,19.81
2024-11-17,Sunday,member,6721,12.53
2024-11-17,Monday,casual,1658,14.33
2024-11-17,Monday,member,6410,10.95
2024-11-17,Tuesday,casual,3179,14.46
2024-11-17,Tuesday,member,10668,11.28
2024-11-17,Wednesday,casual,1986,11.8
2024-11-17,Wednesday,member,7679,10.54
2024-11-17,Thursday,casual,896,11.2
2024-11-17,Thursday,member,3925,11.29
2024-11-17,Friday,casual,2428,14.87
2024-11-17,Friday,member,7144,10.77
2024-11-17,Saturday,casual,2816,17.35
2024-11-17,Saturday,member,5480,11.37
2024-11-24,Sunday,casual,2542,17.58
2024-11-24,Sunday,member,5041,12.4
2024-11-24,Monday,casual,1928,13.54
2024-11-24,Monday,member,6573,11.31
2024-11-24,Tuesday,casual,1383,11.99
2024-11-24,Tuesday,member,5692,11.5
2024-11-24,Wednesday,casual,1503,15.22
2024-11-24,Wednesday,member,4875,11.56
2024-11-24,Thursday,casual,784,17.38
2024-11-24,Thursday,member,1586,13.49
2024-11-24,Friday,casual,537,15.34
2024-11-24,Friday,member,1736,10.78
2024-11-24,Saturday,casual,758,17.39
2024-11-24,Saturday,member,1908,10.86
2024-12-01,Sunday,casual,662,12.42
2024-12-01,Sunday,member,2193,11.28
2024-12-01,Monday,casual,905,8.79
2024-12-01,Monday,member,4695,10.57
2024-12-01,Tuesday,casual,1049,9.45
2024-12-01,Tuesday,member,5766,10.28
2024-12-01,Wednesday,casual,1191,9.78
2024-12-01,Wednesday,member,5719,10.37
2024-12-01,Thursday,casual,1045,9.95
2024-12-01,Thursday,member,5123,10.16
2024-12-01,Friday,casual,1194,11.98
2024-12-01,Friday,member,4845,10.97
2024-12-01,Saturday,casual,1932,13.78
2024-12-01,Saturday,member,4640,11
2024-12-08,Sunday,casual,2383,17.57
2024-12-08,Sunday,member,5354,12.81
2024-12-08,Monday,casual,1729,15.4
2024-12-08,Monday,member,6997,11.28
2024-12-08,Tuesday,casual,1338,10.6
2024-12-08,Tuesday,member,6627,10.58
2024-12-08,Wednesday,casual,1052,9.57
2024-12-08,Wednesday,member,5413,10.2
2024-12-08,Thursday,casual,712,13.03
2024-12-08,Thursday,member,3362,10.15
2024-12-08,Friday,casual,1059,12.58
2024-12-08,Friday,member,4148,10.56
2024-12-08,Saturday,casual,1032,13.25
2024-12-08,Saturday,member,2971,10.86
2024-12-15,Sunday,casual,1116,16.99
2024-12-15,Sunday,member,3357,12.06
2024-12-15,Monday,casual,1296,13.19
2024-12-15,Monday,member,5522,11.62
2024-12-15,Tuesday,casual,1348,11.86
2024-12-15,Tuesday,member,6283,10.68
2024-12-15,Wednesday,casual,1178,11.55
2024-12-15,Wednesday,member,5543,10.44
2024-12-15,Thursday,casual,994,10.85
2024-12-15,Thursday,member,4692,10.77
2024-12-15,Friday,casual,830,11
2024-12-15,Friday,member,3434,10.51
2024-12-15,Saturday,casual,737,12.1
2024-12-15,Saturday,member,2353,11.11
2024-12-22,Sunday,casual,857,14.7
2024-12-22,Sunday,member,2107,12.33
2024-12-22,Monday,casual,837,13.66
2024-12-22,Monday,member,3143,11.05
2024-12-22,Tuesday,casual,646,16.4
2024-12-22,Tuesday,member,2125,12.72
2024-12-22,Wednesday,casual,442,20.84
2024-12-22,Wednesday,member,967,14.67
2024-12-22,Thursday,casual,1111,17.23
2024-12-22,Thursday,member,2414,12.54
2024-12-22,Friday,casual,737,16.37
2024-12-22,Friday,member,2325,12.15
2024-12-22,Saturday,casual,1812,19.84
2024-12-22,Saturday,member,3187,12.94
2024-12-29,Sunday,casual,445,13.95
2024-12-29,Sunday,member,1171,12.88
2024-12-29,Monday,casual,1564,17.79
2024-12-29,Monday,member,3980,11.18
2024-12-29,Tuesday,casual,685,16.41
2024-12-29,Tuesday,member,1970,11.45
2024-12-29,Wednesday,casual,1033,14.25
2024-12-29,Wednesday,member,1919,11.59
2024-12-29,Thursday,casual,805,13.68
2024-12-29,Thursday,member,3303,10.23
2024-12-29,Friday,casual,674,13.71
2024-12-29,Friday,member,2952,10.45
2024-12-29,Saturday,casual,604,12.28
2024-12-29,Saturday,member,2067,10.46
2025-01-05,Sunday,casual,483,10.65
2025-01-05,Sunday,member,1974,10.81
2025-01-05,Monday,casual,462,11.17
2025-01-05,Monday,member,3085,10.03
2025-01-05,Tuesday,casual,599,9.58
2025-01-05,Tuesday,member,4086,10.18
2025-01-05,Wednesday,casual,706,9.95
2025-01-05,Wednesday,member,4251,9.76
2025-01-05,Thursday,casual,775,10.21
2025-01-05,Thursday,member,4333,10.06
2025-01-05,Friday,casual,351,14.66
2025-01-05,Friday,member,2037,11.17
2025-01-05,Saturday,casual,643,12.49
2025-01-05,Saturday,member,2665,10.87
2025-01-12,Sunday,casual,399,11.63
2025-01-12,Sunday,member,1783,10.83
2025-01-12,Monday,casual,497,10.91
2025-01-12,Monday,member,3385,9.49
2025-01-12,Tuesday,casual,444,13.99
2025-01-12,Tuesday,member,3106,10.05
2025-01-12,Wednesday,casual,586,9.37
2025-01-12,Wednesday,member,3377,9.7
2025-01-12,Thursday,casual,838,10.61
2025-01-12,Thursday,member,4710,10.48
2025-01-12,Friday,casual,1225,11.92
2025-01-12,Friday,member,4683,11.03
2025-01-12,Saturday,casual,1021,12.19
2025-01-12,Saturday,member,2872,10.96
2025-01-19,Sunday,casual,409,10.57
2025-01-19,Sunday,member,1391,11.19
2025-01-19,Monday,casual,223,14.98
2025-01-19,Monday,member,1158,10.09
2025-01-19,Tuesday,casual,139,20.77
2025-01-19,Tuesday,member,968,13.42
2025-01-19,Wednesday,casual,367,9.56
2025-01-19,Wednesday,member,2436,10.71
2025-01-19,Thursday,casual,542,9.2
2025-01-19,Thursday,member,3187,10.18
2025-01-19,Friday,casual,583,9.8
2025-01-19,Friday,member,2843,10.27
2025-01-19,Saturday,casual,870,15.27
2025-01-19,Saturday,member,3045,12.11
2025-01-26,Sunday,casual,656,14.61
2025-01-26,Sunday,member,2392,12.03
2025-01-26,Monday,casual,817,13.72
2025-01-26,Monday,member,4520,10.18
2025-01-26,Tuesday,casual,1116,11.02
2025-01-26,Tuesday,member,5878,10.6
2025-01-26,Wednesday,casual,1347,11.58
2025-01-26,Wednesday,member,6296,10.59
2025-01-26,Thursday,casual,1149,12.08
2025-01-26,Thursday,member,5363,10.74
2025-01-26,Friday,casual,614,11.03
2025-01-26,Friday,member,2750,10.28
